Rank,Company,LinkedIn URL,Lead Score,Connection Request,Follow-Up Message
1,"Cruz Law Office",https://linkedin.com/company/cruzlawoffice,65,"Hi Cruz, I noticed Cruz Law Office in the Law firm needing case management system space. I'm Robert James, founder of STRUKKD LABS - we help businesses like yours build custom software. Would love to connect and share some ideas!","Thanks for connecting, Cruz! I wanted to reach out because we've helped similar Law firm needing case management system increase efficiency by 40% with custom tools. Would you be open to a quick chat about how we could help Cruz Law Office?"
2,"Rivera Accounting",https://linkedin.com/company/riveraaccounting,65,"Hi Rivera, I noticed Rivera Accounting in the Accounting firm needing client portal space. I'm Robert James, founder of STRUKKD LABS - we help businesses like yours build custom software. Would love to connect and share some ideas!","Thanks for connecting, Rivera! I wanted to reach out because we've helped similar Accounting firm needing client portal increase efficiency by 40% with custom tools. Would you be open to a quick chat about how we could help Rivera Accounting?"
3,"Santos Insurance",https://linkedin.com/company/santosinsurance,65,"Hi Santos, I noticed Santos Insurance in the Insurance agency needing quote system space. I'm Robert James, founder of STRUKKD LABS - we help businesses like yours build custom software. Would love to connect and share some ideas!","Thanks for connecting, Santos! I wanted to reach out because we've helped similar Insurance agency needing quote system increase efficiency by 40% with custom tools. Would you be open to a quick chat about how we could help Santos Insurance?"
4,"Garcia Consulting",https://linkedin.com/company/garciaconsulting,65,"Hi Garcia, I noticed Garcia Consulting in the Consulting firm needing project management space. I'm Robert James, founder of STRUKKD LABS - we help businesses like yours build custom software. Would love to connect and share some ideas!","Thanks for connecting, Garcia! I wanted to reach out because we've helped similar Consulting firm needing project management increase efficiency by 40% with custom tools. Would you be open to a quick chat about how we could help Garcia Consulting?"
5,"Torres Marketing",https://linkedin.com/company/torresmarketing,65,"Hi Torres, I noticed Torres Marketing in the Marketing agency needing CRM space. I'm Robert James, founder of STRUKKD LABS - we help businesses like yours build custom software. Would love to connect and share some ideas!","Thanks for connecting, Torres! I wanted to reach out because we've helped similar Marketing agency needing CRM increase efficiency by 40% with custom tools. Would you be open to a quick chat about how we could help Torres Marketing?"
6,"Mendoza Real Estate",https://linkedin.com/company/mendozarealestate,65,"Hi Mendoza, I noticed Mendoza Real Estate in the Real estate agency needing listing platform space. I'm Robert James, founder of STRUKKD LABS - we help businesses like yours build custom software. Would love to connect and share some ideas!","Thanks for connecting, Mendoza! I wanted to reach out because we've helped similar Real estate agency needing listing platform increase efficiency by 40% with custom tools. Would you be open to a quick chat about how we could help Mendoza Real Estate?"
7,"Reyes Architecture",https://linkedin.com/company/reyesarchitecture,65,"Hi Reyes, I noticed Reyes Architecture in the Architecture firm needing portfolio site space. I'm Robert James, founder of STRUKKD LABS - we help businesses like yours build custom software. Would love to connect and share some ideas!","Thanks for connecting, Reyes! I wanted to reach out because we've helped similar Architecture firm needing portfolio site increase efficiency by 40% with custom tools. Would you be open to a quick chat about how we could help Reyes Architecture?"
8,"Villanueva Dental",https://linkedin.com/company/villanuevadental,65,"Hi Villanueva, I noticed Villanueva Dental in the Dental clinic needing appointment system space. I'm Robert James, founder of STRUKKD LABS - we help businesses like yours build custom software. Would love to connect and share some ideas!","Thanks for connecting, Villanueva! I wanted to reach out because we've helped similar Dental clinic needing appointment system increase efficiency by 40% with custom tools. Would you be open to a quick chat about how we could help Villanueva Dental?"
9,"Delos Santos Legal",https://linkedin.com/company/delossantoslegal,65,"Hi Delos, I noticed Delos Santos Legal in the Law firm needing document management space. I'm Robert James, founder of STRUKKD LABS - we help businesses like yours build custom software. Would love to connect and share some ideas!","Thanks for connecting, Delos! I wanted to reach out because we've helped similar Law firm needing document management increase efficiency by 40% with custom tools. Would you be open to a quick chat about how we could help Delos Santos Legal?"
10,"Ramos Engineering",https://linkedin.com/company/ramosengineering,65,"Hi Ramos, I noticed Ramos Engineering in the Engineering firm needing project management space. I'm Robert James, founder of STRUKKD LABS - we help businesses like yours build custom software. Would love to connect and share some ideas!","Thanks for connecting, Ramos! I wanted to reach out because we've helped similar Engineering firm needing project management increase efficiency by 40% with custom tools. Would you be open to a quick chat about how we could help Ramos Engineering?"
11,"Santos Law Group",https://linkedin.com/company/santoslawgroup,65,"Hi Santos, I noticed Santos Law Group in the Law firm needing case management space. I'm Robert James, founder of STRUKKD LABS - we help businesses like yours build custom software. Would love to connect and share some ideas!","Thanks for connecting, Santos! I wanted to reach out because we've helped similar Law firm needing case management increase efficiency by 40% with custom tools. Would you be open to a quick chat about how we could help Santos Law Group?"
12,"Rivera Consulting",https://linkedin.com/company/riveraconsulting,65,"Hi Rivera, I noticed Rivera Consulting in the Consulting firm needing CRM space. I'm Robert James, founder of STRUKKD LABS - we help businesses like yours build custom software. Would love to connect and share some ideas!","Thanks for connecting, Rivera! I wanted to reach out because we've helped similar Consulting firm needing CRM increase efficiency by 40% with custom tools. Would you be open to a quick chat about how we could help Rivera Consulting?"
13,"Cruz Accounting",https://linkedin.com/company/cruzaccounting,65,"Hi Cruz, I noticed Cruz Accounting in the Accounting firm needing client portal space. I'm Robert James, founder of STRUKKD LABS - we help businesses like yours build custom software. Would love to connect and share some ideas!","Thanks for connecting, Cruz! I wanted to reach out because we've helped similar Accounting firm needing client portal increase efficiency by 40% with custom tools. Would you be open to a quick chat about how we could help Cruz Accounting?"
14,"Garcia Insurance",https://linkedin.com/company/garciainsurance,65,"Hi Garcia, I noticed Garcia Insurance in the Insurance agency needing quote system space. I'm Robert James, founder of STRUKKD LABS - we help businesses like yours build custom software. Would love to connect and share some ideas!","Thanks for connecting, Garcia! I wanted to reach out because we've helped similar Insurance agency needing quote system increase efficiency by 40% with custom tools. Would you be open to a quick chat about how we could help Garcia Insurance?"
15,"Torres Real Estate",https://linkedin.com/company/torresrealestate,65,"Hi Torres, I noticed Torres Real Estate in the Real estate agency needing listing platform space. I'm Robert James, founder of STRUKKD LABS - we help businesses like yours build custom software. Would love to connect and share some ideas!","Thanks for connecting, Torres! I wanted to reach out because we've helped similar Real estate agency needing listing platform increase efficiency by 40% with custom tools. Would you be open to a quick chat about how we could help Torres Real Estate?"
16,"Villanueva Dental Group",https://linkedin.com/company/villanuevadentalgroup,65,"Hi Villanueva, I noticed Villanueva Dental Group in the Dental chain needing patient management space. I'm Robert James, founder of STRUKKD LABS - we help businesses like yours build custom software. Would love to connect and share some ideas!","Thanks for connecting, Villanueva! I wanted to reach out because we've helped similar Dental chain needing patient management increase efficiency by 40% with custom tools. Would you be open to a quick chat about how we could help Villanueva Dental Group?"
17,"Delos Santos Marketing",https://linkedin.com/company/delossantosmarketing,65,"Hi Delos, I noticed Delos Santos Marketing in the Marketing agency needing analytics dashboard space. I'm Robert James, founder of STRUKKD LABS - we help businesses like yours build custom software. Would love to connect and share some ideas!","Thanks for connecting, Delos! I wanted to reach out because we've helped similar Marketing agency needing analytics dashboard increase efficiency by 40% with custom tools. Would you be open to a quick chat about how we could help Delos Santos Marketing?"
18,"Reyes Legal Partners",https://linkedin.com/company/reyeslegalpartners,65,"Hi Reyes, I noticed Reyes Legal Partners in the Law firm needing document management space. I'm Robert James, founder of STRUKKD LABS - we help businesses like yours build custom software. Would love to connect and share some ideas!","Thanks for connecting, Reyes! I wanted to reach out because we've helped similar Law firm needing document management increase efficiency by 40% with custom tools. Would you be open to a quick chat about how we could help Reyes Legal Partners?"
19,"Mendoza Engineering",https://linkedin.com/company/mendozaengineering,65,"Hi Mendoza, I noticed Mendoza Engineering in the Engineering firm needing project management space. I'm Robert James, founder of STRUKKD LABS - we help businesses like yours build custom software. Would love to connect and share some ideas!","Thanks for connecting, Mendoza! I wanted to reach out because we've helped similar Engineering firm needing project management increase efficiency by 40% with custom tools. Would you be open to a quick chat about how we could help Mendoza Engineering?"
20,"Ramos Consulting",https://linkedin.com/company/ramosconsulting,65,"Hi Ramos, I noticed Ramos Consulting in the Consulting firm needing time tracking space. I'm Robert James, founder of STRUKKD LABS - we help businesses like yours build custom software. Would love to connect and share some ideas!","Thanks for connecting, Ramos! I wanted to reach out because we've helped similar Consulting firm needing time tracking increase efficiency by 40% with custom tools. Would you be open to a quick chat about how we could help Ramos Consulting?"
21,"De Leon Architecture",https://linkedin.com/company/deleonarchitecture,65,"Hi De, I noticed De Leon Architecture in the Architecture firm needing project management space. I'm Robert James, founder of STRUKKD LABS - we help businesses like yours build custom software. Would love to connect and share some ideas!","Thanks for connecting, De! I wanted to reach out because we've helped similar Architecture firm needing project management increase efficiency by 40% with custom tools. Would you be open to a quick chat about how we could help De Leon Architecture?"
22,"Santos Interior Design",https://linkedin.com/company/santosinteriordesign,65,"Hi Santos, I noticed Santos Interior Design in the Interior design firm needing portfolio site space. I'm Robert James, founder of STRUKKD LABS - we help businesses like yours build custom software. Would love to connect and share some ideas!","Thanks for connecting, Santos! I wanted to reach out because we've helped similar Interior design firm needing portfolio site increase efficiency by 40% with custom tools. Would you be open to a quick chat about how we could help Santos Interior Design?"
23,"Cruz Engineering",https://linkedin.com/company/cruzengineering,65,"Hi Cruz, I noticed Cruz Engineering in the Engineering firm needing document management space. I'm Robert James, founder of STRUKKD LABS - we help businesses like yours build custom software. Would love to connect and share some ideas!","Thanks for connecting, Cruz! I wanted to reach out because we've helped similar Engineering firm needing document management increase efficiency by 40% with custom tools. Would you be open to a quick chat about how we could help Cruz Engineering?"
24,"Rivera Accounting Group",https://linkedin.com/company/riveraaccountinggroup,65,"Hi Rivera, I noticed Rivera Accounting Group in the Accounting group needing client portal space. I'm Robert James, founder of STRUKKD LABS - we help businesses like yours build custom software. Would love to connect and share some ideas!","Thanks for connecting, Rivera! I wanted to reach out because we've helped similar Accounting group needing client portal increase efficiency by 40% with custom tools. Would you be open to a quick chat about how we could help Rivera Accounting Group?"
25,"Garcia Law Associates",https://linkedin.com/company/garcialawassociates,65,"Hi Garcia, I noticed Garcia Law Associates in the Law firm needing case management space. I'm Robert James, founder of STRUKKD LABS - we help businesses like yours build custom software. Would love to connect and share some ideas!","Thanks for connecting, Garcia! I wanted to reach out because we've helped similar Law firm needing case management increase efficiency by 40% with custom tools. Would you be open to a quick chat about how we could help Garcia Law Associates?"
26,"Torres Marketing Agency",https://linkedin.com/company/torresmarketingagency,65,"Hi Torres, I noticed Torres Marketing Agency in the Marketing agency needing CRM space. I'm Robert James, founder of STRUKKD LABS - we help businesses like yours build custom software. Would love to connect and share some ideas!","Thanks for connecting, Torres! I wanted to reach out because we've helped similar Marketing agency needing CRM increase efficiency by 40% with custom tools. Would you be open to a quick chat about how we could help Torres Marketing Agency?"
27,"Mendoza Dental Clinic",https://linkedin.com/company/mendozadentalclinic,65,"Hi Mendoza, I noticed Mendoza Dental Clinic in the Dental clinic needing patient portal space. I'm Robert James, founder of STRUKKD LABS - we help businesses like yours build custom software. Would love to connect and share some ideas!","Thanks for connecting, Mendoza! I wanted to reach out because we've helped similar Dental clinic needing patient portal increase efficiency by 40% with custom tools. Would you be open to a quick chat about how we could help Mendoza Dental Clinic?"
28,"Ramos Real Estate Group",https://linkedin.com/company/ramosrealestategroup,65,"Hi Ramos, I noticed Ramos Real Estate Group in the Real estate group needing listing platform space. I'm Robert James, founder of STRUKKD LABS - we help businesses like yours build custom software. Would love to connect and share some ideas!","Thanks for connecting, Ramos! I wanted to reach out because we've helped similar Real estate group needing listing platform increase efficiency by 40% with custom tools. Would you be open to a quick chat about how we could help Ramos Real Estate Group?"
29,"Villanueva Consulting",https://linkedin.com/company/villanuevaconsulting,65,"Hi Villanueva, I noticed Villanueva Consulting in the Consulting firm needing project management space. I'm Robert James, founder of STRUKKD LABS - we help businesses like yours build custom software. Would love to connect and share some ideas!","Thanks for connecting, Villanueva! I wanted to reach out because we've helped similar Consulting firm needing project management increase efficiency by 40% with custom tools. Would you be open to a quick chat about how we could help Villanueva Consulting?"
30,"Delos Santos Insurance",https://linkedin.com/company/delossantosinsurance,65,"Hi Delos, I noticed Delos Santos Insurance in the Insurance agency needing claims portal space. I'm Robert James, founder of STRUKKD LABS - we help businesses like yours build custom software. Would love to connect and share some ideas!","Thanks for connecting, Delos! I wanted to reach out because we've helped similar Insurance agency needing claims portal increase efficiency by 40% with custom tools. Would you be open to a quick chat about how we could help Delos Santos Insurance?"
31,"De Leon Law",https://linkedin.com/company/deleonlaw,65,"Hi De, I noticed De Leon Law in the Law firm needing case management space. I'm Robert James, founder of STRUKKD LABS - we help businesses like yours build custom software. Would love to connect and share some ideas!","Thanks for connecting, De! I wanted to reach out because we've helped similar Law firm needing case management increase efficiency by 40% with custom tools. Would you be open to a quick chat about how we could help De Leon Law?"
32,"Santos Consulting",https://linkedin.com/company/santosconsulting,65,"Hi Santos, I noticed Santos Consulting in the Consulting firm needing CRM space. I'm Robert James, founder of STRUKKD LABS - we help businesses like yours build custom software. Would love to connect and share some ideas!","Thanks for connecting, Santos! I wanted to reach out because we've helped similar Consulting firm needing CRM increase efficiency by 40% with custom tools. Would you be open to a quick chat about how we could help Santos Consulting?"
33,"Rivera Insurance",https://linkedin.com/company/riverainsurance,65,"Hi Rivera, I noticed Rivera Insurance in the Insurance agency needing quote system space. I'm Robert James, founder of STRUKKD LABS - we help businesses like yours build custom software. Would love to connect and share some ideas!","Thanks for connecting, Rivera! I wanted to reach out because we've helped similar Insurance agency needing quote system increase efficiency by 40% with custom tools. Would you be open to a quick chat about how we could help Rivera Insurance?"
34,"Garcia Real Estate",https://linkedin.com/company/garciarealestate,65,"Hi Garcia, I noticed Garcia Real Estate in the Real estate agency needing listing platform space. I'm Robert James, founder of STRUKKD LABS - we help businesses like yours build custom software. Would love to connect and share some ideas!","Thanks for connecting, Garcia! I wanted to reach out because we've helped similar Real estate agency needing listing platform increase efficiency by 40% with custom tools. Would you be open to a quick chat about how we could help Garcia Real Estate?"
35,"Torres Dental",https://linkedin.com/company/torresdental,65,"Hi Torres, I noticed Torres Dental in the Dental clinic needing patient management space. I'm Robert James, founder of STRUKKD LABS - we help businesses like yours build custom software. Would love to connect and share some ideas!","Thanks for connecting, Torres! I wanted to reach out because we've helped similar Dental clinic needing patient management increase efficiency by 40% with custom tools. Would you be open to a quick chat about how we could help Torres Dental?"
36,"Mendoza Marketing",https://linkedin.com/company/mendozamarketing,65,"Hi Mendoza, I noticed Mendoza Marketing in the Marketing agency needing analytics dashboard space. I'm Robert James, founder of STRUKKD LABS - we help businesses like yours build custom software. Would love to connect and share some ideas!","Thanks for connecting, Mendoza! I wanted to reach out because we've helped similar Marketing agency needing analytics dashboard increase efficiency by 40% with custom tools. Would you be open to a quick chat about how we could help Mendoza Marketing?"
37,"Ramos Legal",https://linkedin.com/company/ramoslegal,65,"Hi Ramos, I noticed Ramos Legal in the Law firm needing document management space. I'm Robert James, founder of STRUKKD LABS - we help businesses like yours build custom software. Would love to connect and share some ideas!","Thanks for connecting, Ramos! I wanted to reach out because we've helped similar Law firm needing document management increase efficiency by 40% with custom tools. Would you be open to a quick chat about how we could help Ramos Legal?"
38,"Villanueva Engineering",https://linkedin.com/company/villanuevaengineering,65,"Hi Villanueva, I noticed Villanueva Engineering in the Engineering firm needing project management space. I'm Robert James, founder of STRUKKD LABS - we help businesses like yours build custom software. Would love to connect and share some ideas!","Thanks for connecting, Villanueva! I wanted to reach out because we've helped similar Engineering firm needing project management increase efficiency by 40% with custom tools. Would you be open to a quick chat about how we could help Villanueva Engineering?"
39,"Delos Santos Consulting",https://linkedin.com/company/delossantosconsulting,65,"Hi Delos, I noticed Delos Santos Consulting in the Consulting firm needing time tracking space. I'm Robert James, founder of STRUKKD LABS - we help businesses like yours build custom software. Would love to connect and share some ideas!","Thanks for connecting, Delos! I wanted to reach out because we've helped similar Consulting firm needing time tracking increase efficiency by 40% with custom tools. Would you be open to a quick chat about how we could help Delos Santos Consulting?"